IATA_CODE,AIRPORT,CITY,STATE_CODE_AIRPORT,COUNTRY_AIRPORT,LATITUDE_AIRPORT,LONGITUDE_AIRPORT,STATION,STATION_DISTANCE,TMAX,TMIN,PRCP,SNOW,TOTAL,LATITUDE_STATION,LONGITUDE_STATION,STATE_CODE,NAME_STATION,COUNTRY_STATION,AIRPORT_STATION_DUMMY
ABE,Lehigh Valley International Airport,Allentown,PA,USA,40.65236,-75.4404,USW00014737,0.763,0,0,0,0,0,40.6508,-75.4492,PA,ALLENTOWN INTL AP,United States,TRUE
ABI,Abilene Regional Airport,Abilene,TX,USA,32.41132,-99.6819,USW00013962,0.085,0,0,0,0,0,32.4106,-99.6822,TX,ABILENE RGNL AP,United States,TRUE
ABQ,Albuquerque International Sunport,Albuquerque,NM,USA,35.04022,-106.60919,USW00023050,0.613,0,0,0,0,0,35.0419,-106.6156,NM,ALBUQUERQUE INTL AP,United States,TRUE
ABR,Aberdeen Regional Airport,Aberdeen,SD,USA,45.44906,-98.42183,USC00390022,0.915,2,3,0,0,5,45.4553,-98.4142,SD,ABERDEEN 3 E,United States,FALSE
ABY,Southwest Georgia Regional Airport,Albany,GA,USA,31.53552,-84.19447,USW00013869,0.011,0,0,0,7,7,31.5356,-84.1944,GA,ALBANY SW GA RGNL AP,United States,TRUE
ACK,Nantucket Memorial Airport,Nantucket,MA,USA,41.25305,-70.06018,USW00014756,0.052,5,5,4,356,370,41.2531,-70.0608,MA,NANTUCKET MEM AP,United States,TRUE
ACT,Waco Regional Airport,Waco,TX,USA,31.61129,-97.23052,USW00013959,0.873,0,0,0,0,0,31.6189,-97.2283,TX,WACO RGNL AP,United States,TRUE
ACV,Arcata Airport,Arcata/Eureka,CA,USA,40.97812,-124.10862,USW00024283,0.003,0,0,0,68,68,40.9781,-124.1086,CA,ARCATA EUREKA AP,United States,TRUE
ACY,Atlantic City International Airport,Atlantic City,NJ,USA,39.45758,-74.57717,USW00093730,1.25,0,0,0,0,0,39.4494,-74.5672,NJ,ATLANTIC CITY INTL AP,United States,TRUE
ADK,Adak Airport,Adak,AK,USA,51.87796,-176.64603,USW00025628,698.233,8,8,0,363,379,56.6,-169.565,AK,ST GEORGE ISLAND AP,United States,TRUE
ADQ,Kodiak Airport,Kodiak,AK,USA,57.74997,-152.49386,USW00025501,0.507,0,0,0,0,0,57.7511,-152.4856,AK,KODIAK AP,United States,TRUE
AEX,Alexandria International Airport,Alexandria,LA,USA,31.32737,-92.54856,USW00093915,1.256,1,1,2,35,39,31.3347,-92.5586,LA,ALEXANDRIA INTL AP,United States,TRUE
AGS,Augusta Regional Airport-á(Bush Field),Augusta,GA,USA,33.36996,-81.9645,USW00003820,0.629,0,0,0,0,0,33.3644,-81.9633,GA,AUGUSTA BUSH FLD AP,United States,TRUE
AKN,King Salmon Airport,King Salmon,AK,USA,58.6768,-156.64922,USW00025503,1.183,0,0,0,0,0,58.6794,-156.6294,AK,KING SALMON,United States,FALSE
ALB,Albany International Airport,Albany,NY,USA,42.74812,-73.80298,USW00014735,0.756,0,0,0,0,0,42.7431,-73.8092,NY,ALBANY AP,United States,TRUE
ALO,Waterloo Regional Airport,Waterloo,IA,USA,42.55708,-92.40034,USW00094910,0.305,0,0,0,0,0,42.5544,-92.4011,IA,WATERLOO MUNI AP,United States,TRUE
AMA,Rick Husband Amarillo International Airport,Amarillo,TX,USA,35.21937,-101.70593,USW00023047,1.574,0,0,0,0,0,35.2333,-101.7089,TX,AMARILLO,United States,FALSE
ANC,Ted Stevens Anchorage International Airport,Anchorage,AK,USA,61.17432,-149.99619,USW00026491,1.653,0,0,0,365,365,61.1781,-149.9664,AK,ANCHORAGE LAKE HOOD AP,United States,TRUE
APN,Alpena County Regional Airport,Alpena,MI,USA,45.07807,-83.56029,USW00094849,0.779,0,0,0,0,0,45.0717,-83.5644,MI,ALPENA CO RGNL AP,United States,TRUE
ASE,Aspen-Pitkin County Airport,Aspen,CO,USA,39.22316,-106.86885,USW00093073,0.048,0,0,0,365,365,39.2231,-106.8683,CO,ASPEN PITKIN CO AP,United States,TRUE
ATL,Hartsfield-Jackson Atlanta International Airport,Atlanta,GA,USA,33.64044,-84.42694,USW00013874,1.795,0,0,0,0,0,33.63,-84.4417,GA,ATLANTA HARTSFIELD INTL AP,United States,TRUE
ATW,Appleton International Airport,Appleton,WI,USA,44.25741,-88.51948,USC00470265,6.863,0,0,0,0,0,44.2769,-88.4378,WI,APPLETON,United States,FALSE
AUS,Austin-Bergstrom International Airport,Austin,TX,USA,30.19453,-97.66987,USW00013904,1.603,0,0,0,0,0,30.1831,-97.68,TX,AUSTIN BERGSTROM AP,United States,TRUE
AVL,Asheville Regional Airport,Asheville,NC,USA,35.43619,-82.54181,USW00003812,0.617,0,0,0,0,0,35.4319,-82.5375,NC,ASHEVILLE RGNL AP,United States,TRUE
AVP,Wilkes-Barre/Scranton International Airport,Wilkes-Barre/Scranton,PA,USA,41.33815,-75.72427,USW00014777,0.552,0,0,2,0,2,41.3336,-75.7269,PA,WILKES-BARRE INTL AP,United States,TRUE
AZO,Kalamazoo/Battle Creek International Airport,Kalamazoo,MI,USA,42.23488,-85.55206,USW00094815,0.024,6,7,3,365,381,42.2347,-85.5519,MI,KALAMAZOO BATTLE CK INTL AP,United States,TRUE
BDL,Bradley International Airport,Windsor Locks,CT,USA,41.93887,-72.68323,USW00014740,0.105,0,0,0,0,0,41.9381,-72.6825,CT,HARTFORD BRADLEY INTL AP,United States,TRUE
BET,Bethel Airport,Bethel,AK,USA,60.77978,-161.838,USW00026615,0.753,0,0,0,0,0,60.785,-161.8292,AK,BETHEL AP,United States,TRUE
BFL,Meadows Field,Bakersfield,CA,USA,35.4336,-119.05677,USW00023155,0.25,0,0,0,0,0,35.4344,-119.0542,CA,BAKERSFIELD AP,United States,TRUE
BGM,Greater Binghamton Airport,Binghamton,NY,USA,42.20848,-75.97961,USC00300684,0.624,365,365,365,0,1095,42.2117,-75.9858,NY,BINGHAMTON WFO,United States,FALSE
BGR,Bangor International Airport,Bangor,ME,USA,44.80744,-68.82814,USW00014606,1.311,0,0,0,0,0,44.7978,-68.8186,ME,BANGOR INTL AP,United States,TRUE
BHM,Birmingham-Shuttlesworth International Airport,Birmingham,AL,USA,33.56294,-86.75355,USW00013876,0.847,0,0,0,0,0,33.5656,-86.745,AL,BIRMINGHAM AP,United States,TRUE
BIL,Billings Logan International Airport,Billings,MT,USA,45.80766,-108.54286,USW00024033,0.099,0,0,0,0,0,45.8069,-108.5422,MT,BILLINGS LOGAN INTL AP,United States,TRUE
BIS,Bismarck Municipal Airport,Bismarck,ND,USA,46.77411,-100.74672,USC00320818,0.989,2,2,0,8,12,46.7717,-100.7592,ND,BISMARCK WFO,United States,FALSE
BJI,Bemidji Regional Airport,Bemidji,MN,USA,47.50942,-94.93372,USR0000MBEM,0.802,0,0,365,365,730,47.5033,-94.9281,MN,BEMIDJI MINNESOTA,United States,FALSE
BLI,Bellingham International Airport,Bellingham,WA,USA,48.79275,-122.53753,USW00024217,0.13,0,0,0,1,1,48.7939,-122.5372,WA,BELLINGHAM INTL AP,United States,TRUE
BMI,Central Illinois Regional Airport at Bloomington-Normal,Bloomington,IL,USA,40.47799,-88.91595,US1ILMCL037,1.83,123,123,0,68,314,40.4684,-88.9335,IL,BLOOMINGTON 2.2 ESE,United States,FALSE
BNA,Nashville International Airport,Nashville,TN,USA,36.12448,-86.67818,USW00013897,1.17,0,0,0,0,0,36.1189,-86.6892,TN,NASHVILLE INTL AP,United States,TRUE
BOI,Boise Airport-á(Boise Air Terminal),Boise,ID,USA,43.56444,-116.22278,USW00024131,1.459,0,0,0,0,0,43.5667,-116.2406,ID,BOISE AIR TERMINAL,United States,FALSE
BOS,Gen. Edward Lawrence Logan International Airport,Boston,MA,USA,42.36435,-71.00518,USW00014739,0.611,0,0,0,0,0,42.3606,-71.0106,MA,BOSTON LOGAN INTL AP,United States,TRUE
BPT,Jack Brooks Regional Airport-á(Southeast Texas Regional),Beaumont/Port Arthur,TX,USA,29.95083,-94.02069,USW00012917,0.027,0,0,0,365,365,29.9506,-94.0206,TX,PORT ARTHUR SE TX AP,United States,TRUE
BQK,Brunswick Golden Isles Airport,Brunswick,GA,USA,31.25903,-81.46631,US1GAGN0008,10.601,124,124,0,67,315,31.1672,-81.4958,GA,BRUNSWICK 2.2 NW,United States,FALSE
BQN,Rafael Hern+índez Airport,Aguadilla,PR,USA,18.49486,-67.12944,RQ1PRAL0003,2.34,350,350,0,159,859,18.5083,-67.1124,PR,AGUADILLA 5.5 NNE,Puerto Rico [United States],FALSE
BRD,Brainerd Lakes Regional Airport,Brainerd,MN,USA,46.39786,-94.13723,USR0000MBRN,0.828,0,0,365,365,730,46.4006,-94.1272,MN,BRAINERD MINNESOTA,United States,FALSE
BRO,Brownsville/South Padre Island International Airport,Brownsville,TX,USA,25.90683,-97.42586,USW00012919,1.217,0,0,0,365,365,25.9156,-97.4186,TX,BROWNSVILLE,United States,FALSE
BRW,Wiley Post-Will Rogers Memorial Airport,Barrow,AK,USA,71.28545,-156.766,USW00027502,0.6,0,0,0,0,0,71.2833,-156.7814,AK,BARROW POST ROGERS AP,United States,TRUE
BTM,Bert Mooney Airport,Butte,MT,USA,45.9548,-112.49746,USW00024135,1.129,0,0,0,365,365,45.9647,-112.5006,MT,BUTTE BERT MOONEY AP,United States,TRUE
BTR,Baton Rouge Metropolitan Airport,Baton Rouge,LA,USA,30.53316,-91.14963,USW00013970,0.52,0,0,0,365,365,30.5372,-91.1469,LA,BATON ROUGE RYAN AP,United States,TRUE
BTV,Burlington International Airport,Burlington,VT,USA,44.473,-73.15031,USW00014742,0.524,0,0,0,0,0,44.4683,-73.15,VT,BURLINGTON INTL AP,United States,TRUE
BUF,Buffalo Niagara International Airport,Buffalo,NY,USA,42.94052,-78.73217,USW00014733,0.979,0,0,0,0,0,42.9486,-78.7369,NY,BUFFALO,United States,FALSE
BUR,Bob Hope Airport-á(Hollywood Burbank Airport),Burbank,CA,USA,34.20062,-118.3585,USW00023152,0.092,0,0,0,17,17,34.2006,-118.3575,CA,BURBANK GLENDALE PASADENA A,United States,FALSE
BWI,Baltimore-Washington International Airport,Baltimore,MD,USA,39.1754,-76.6682,USC00180467,1.514,26,26,0,2,54,39.1836,-76.6542,MD,BALTIMORE WASHINGTON INTL C,United States,FALSE
BZN,Bozeman Yellowstone International Airport-á(Gallatin Field Airport),Bozeman,MT,USA,45.7769,-111.15301,USW00024132,1.386,0,0,0,365,365,45.7881,-111.1608,MT,BOZEMAN GALLATIN FLD,United States,FALSE
CAE,Columbia Metropolitan Airport,Columbia,SC,USA,33.93884,-81.11954,USW00013883,1.09,0,0,0,0,0,33.9486,-81.1186,SC,COLUMBIA,United States,FALSE
CAK,Akron-Canton Regional Airport,Akron,OH,USA,40.91631,-81.44247,USW00014895,0.773,0,0,0,0,0,40.9167,-81.4333,OH,AKRON CANTON RGNL AP,United States,TRUE
CDC,Cedar City Regional Airport,Cedar City,UT,USA,37.70097,-113.09858,USW00093129,0.926,0,0,0,365,365,37.7086,-113.0944,UT,CEDAR CITY MUNI AP,United States,TRUE
CDV,Merle K. (Mudhole) Smith Airport,Cordova,AK,USA,60.49183,-145.47765,USW00026410,1.492,0,0,0,365,365,60.4889,-145.4511,AK,CORDOVA M K SMITH AP,United States,TRUE
CEC,Del Norte County Airport-á(Jack McNamara Field),Crescent City,CA,USA,41.78016,-124.23653,USW00024286,0.021,0,0,0,60,60,41.7803,-124.2367,CA,CRESCENT CITY MCNAMARA AP,United States,TRUE
CHA,Chattanooga Metropolitan Airport-á(Lovell Field),Chattanooga,TN,USA,35.03527,-85.20379,USW00013882,0.513,0,0,0,0,0,35.0311,-85.2014,TN,CHATTANOOGA LOVELL AP,United States,TRUE
CHO,Charlottesville-Albemarle Airport,Charlottesville,VA,USA,38.13864,-78.45286,USW00093736,0.013,0,0,0,365,365,38.1386,-78.453,VA,CHARLOTTESVILLE AP,United States,TRUE
CHS,Charleston International Airport/Charleston AFB,Charleston,SC,USA,32.89865,-80.04051,USW00013880,0.02,0,0,0,0,0,32.8986,-80.0403,SC,CHARLESTON INTL AP,United States,TRUE
CID,The Eastern Iowa Airport,Cedar Rapids,IA,USA,41.88459,-91.71087,USW00014990,0.504,1,8,0,365,374,41.8833,-91.7167,IA,CEDAR RAPIDS MUNI AP,United States,TRUE
CIU,Chippewa County International Airport,Sault Ste. Marie,MI,USA,46.25075,-84.47239,USC00207188,7.233,12,12,0,0,24,46.1908,-84.5086,MI,RUDYARD 5SE,United States,FALSE
CLD,McClellan-Palomar Airport,San Diego,CA,USA,33.12723,-117.27873,USW00003177,0.115,0,0,0,8,8,33.1281,-117.2794,CA,CARLSBAD PALOMAR AP,United States,TRUE
CLE,Cleveland Hopkins International Airport,Cleveland,OH,USA,41.41089,-81.8494,USW00014820,0.919,0,0,0,0,0,41.4131,-81.86,OH,CLEVELAND,United States,FALSE
CLL,Easterwood Airport,College Station,TX,USA,30.58859,-96.36382,USW00003904,0.108,0,0,0,334,334,30.5892,-96.3647,TX,COLLEGE STN,United States,FALSE
CLT,Charlotte Douglas International Airport,Charlotte,NC,USA,35.21401,-80.94313,USW00013881,1.538,0,0,0,0,0,35.2236,-80.9553,NC,CHARLOTTE DOUGLAS AP,United States,TRUE
CMH,Port Columbus International Airport,Columbus,OH,USA,39.99799,-82.89188,USW00014821,1.196,0,0,0,0,0,39.9914,-82.8808,OH,COLUMBUS PORT COLUMBUS INTL,United States,FALSE
CMI,University of Illinois - Willard Airport,Champaign/Urbana,IL,USA,40.03925,-88.27806,USW00094870,0.055,0,0,0,350,350,40.0397,-88.2778,IL,CHAMPAIGN WILLARD AP,United States,TRUE
CMX,Houghton County Memorial Airport,Hancock,MI,USA,47.16842,-88.48906,USW00014858,0.023,0,0,0,365,365,47.1686,-88.4889,MI,HANCOCK HOUGHTON CO AP,United States,TRUE
CNY,Canyonlands Field,Moab,UT,USA,38.75496,-109.75484,USW00093075,0.056,0,0,0,365,365,38.755,-109.7542,UT,MOAB CANYONLAND AP,United States,TRUE
COD,Yellowstone Regional Airport,Cody,WY,USA,44.52019,-109.0238,US1WYPK0028,1.163,71,71,0,64,206,44.5193,-109.0384,WY,CODY 0.8 E,United States,FALSE
COS,City of Colorado Springs Municipal Airport,Colorado Springs,CO,USA,38.80581,-104.70025,USW00093037,1.137,0,0,0,0,0,38.81,-104.6883,CO,COLORADO SPRINGS MUNI AP,United States,TRUE
COU,Columbia Regional Airport,Columbia,MO,USA,38.81809,-92.21963,USW00003945,0.176,1,2,0,0,3,38.8169,-92.2183,MO,COLUMBIA RGNL AP,United States,TRUE
CPR,Natrona County International Airport,Casper,WY,USA,42.90836,-106.46447,USW00024089,1.211,0,0,0,0,0,42.8975,-106.4636,WY,CASPER NATRONA CO AP,United States,TRUE
CRP,Corpus Christi International Airport,Corpus Christi,TX,USA,27.77036,-97.50122,USC00412011,1.074,0,1,0,2,3,27.7792,-97.5056,TX,CORPUS CHRISTI NWS,United States,FALSE
CRW,Yeager Airport,Charleston,WV,USA,38.37315,-81.59319,USW00013866,0.749,0,0,0,0,0,38.3794,-81.59,WV,CHARLESTON YEAGER AP,United States,TRUE
CSG,Columbus Metropolitan Airport,Columbus,GA,USA,32.51633,-84.93886,USC00092159,0.221,8,8,8,96,120,32.5181,-84.9378,GA,COLUMBUS #2,United States,FALSE
CVG,Cincinnati/Northern Kentucky International Airport,Covington,KY,USA,39.04614,-84.66217,USW00093814,0.891,0,0,0,0,0,39.0431,-84.6717,KY,CINCINNATI NORTHERN KY AP,United States,TRUE
CWA,Central Wisconsin Airport,Mosinee,WI,USA,44.77762,-89.66678,USC00472447,7.982,336,336,0,2,674,44.7722,-89.7675,WI,EAU PLEINE RSVR,United States,FALSE
DAB,Daytona Beach International Airport,Daytona Beach,FL,USA,29.17992,-81.05806,USW00012834,1.001,0,0,0,365,365,29.1828,-81.0483,FL,DAYTONA BEACH INTL AP,United States,TRUE
DAL,Dallas Love Field,Dallas,TX,USA,32.84711,-96.85177,USW00013960,0.642,0,0,0,0,0,32.8519,-96.8556,TX,DALLAS LOVE FLD,United States,FALSE
DAY,James M. Cox Dayton International Airport,Dayton,OH,USA,39.90238,-84.21938,USW00093815,0.419,0,0,0,0,0,39.9061,-84.2186,OH,DAYTON INTL AP,United States,TRUE
DBQ,Dubuque Regional Airport,Dubuque,IA,USA,42.40296,-90.70917,USW00094908,0.735,0,1,0,0,1,42.3978,-90.7036,IA,DUBUQUE RGNL AP,United States,TRUE
DCA,Ronald Reagan Washington National Airport,Arlington,VA,USA,38.85208,-77.03772,USW00013743,0.52,0,0,0,0,0,38.8483,-77.0342,VA,WASHINGTON REAGAN AP,United States,TRUE
DEN,Denver International Airport,Denver,CO,USA,39.85841,-104.667,USW00003017,2.964,0,0,0,0,0,39.8328,-104.6575,CO,DENVER INTL AP,United States,TRUE
DFW,Dallas/Fort Worth International Airport,Dallas-Fort Worth,TX,USA,32.89595,-97.0372,USW00003927,1.723,0,0,0,0,0,32.8978,-97.0189,TX,DALLAS FT WORTH AP,United States,TRUE
DHN,Dothan Regional Airport,Dothan,AL,USA,31.32134,-85.44963,USW00013839,0.009,1,1,0,365,367,31.3214,-85.4497,AL,DOTHAN RGNL AP,United States,TRUE
DIK,Dickinson Theodore Roosevelt Regional Airport,Dickinson,ND,USA,46.79739,-102.80195,USW00024012,0.426,0,0,0,365,365,46.7994,-102.7972,ND,THEODORE ROOSEVELT AP,United States,TRUE
DLG,Dillingham Airport,Dillingham,AK,USA,59.04541,-158.50334,USW00025503,115.303,0,0,0,0,0,58.6794,-156.6294,AK,KING SALMON,United States,FALSE
DLH,Duluth International Airport,Duluth,MN,USA,46.84209,-92.19365,USW00014913,1.352,0,0,0,0,0,46.8369,-92.2097,MN,DULUTH,United States,FALSE
DRO,Durango-La Plata County Airport,Durango,CO,USA,37.15152,-107.75377,USW00093005,1.075,0,0,0,365,365,37.1431,-107.7597,CO,DURANGO LA PLATA CO AP,United States,TRUE
DSM,Des Moines International Airport,Des Moines,IA,USA,41.53493,-93.66068,USC00132201,0.564,203,203,52,0,458,41.5394,-93.6575,IA,DES MOINES SNOW,United States,FALSE
DTW,Detroit Metropolitan Airport,Detroit,MI,USA,42.21206,-83.34884,USW00094847,2.617,0,0,0,0,0,42.2314,-83.3308,MI,DETROIT METRO AP,United States,TRUE
DVL,Devils Lake Regional Airport,Devils Lake,ND,USA,48.11425,-98.90878,USR0000NDEV,14.355,0,0,365,365,730,47.9853,-98.9075,ND,DEVILS LAKE NORTH DAKOTA,United States,FALSE
EAU,Chippewa Valley Regional Airport,Eau Claire,WI,USA,44.86526,-91.48507,USW00014991,0.25,0,0,0,0,0,44.8664,-91.4878,WI,EAU CLAIRE RGNL AP,United States,TRUE
EGE,Eagle County Regional Airport,Eagle,CO,USA,39.64257,-106.9177,US1COEG0001,3.649,20,20,0,12,52,39.6102,-106.911,CO,GYPSUM 3.0 SE,United States,FALSE
EKO,Elko Regional Airport,Elko,NV,USA,40.82493,-115.7917,USW00024121,0.513,0,0,0,0,0,40.8289,-115.7886,NV,ELKO RGNL AP,United States,TRUE
ELM,Elmira/Corning Regional Airport,Elmira,NY,USA,42.15991,-76.89144,USW00014748,0.068,0,0,2,365,367,42.1594,-76.8919,NY,ELMIRA CORNING RGNL AP,United States,TRUE
ELP,El Paso International Airport,El Paso,TX,USA,31.80667,-106.37781,USW00023044,0.529,0,0,0,0,0,31.8111,-106.3758,TX,EL PASO INTL AP,United States,TRUE
ERI,Erie International Airport,Erie,PA,USA,42.08202,-80.17622,USW00014860,0.565,0,0,0,0,0,42.08,-80.1825,PA,ERIE INTL AP,United States,TRUE
ESC,Delta County Airport,Escanaba,MI,USA,45.72267,-87.09373,USW00014824,0.509,306,306,0,0,612,45.7181,-87.0939,MI,ESCANABA,United States,FALSE
EUG,Eugene Airport-á(Mahlon Sweet Field),Eugene,OR,USA,44.12326,-123.21869,USW00024221,0.528,0,0,0,365,365,44.1278,-123.2206,OR,EUGENE MAHLON SWEET AP,United States,TRUE
EVV,Evansville Regional Airport,Evansville,IN,USA,38.03799,-87.53063,USW00093817,1.119,0,0,1,0,1,38.0442,-87.5206,IN,EVANSVILLE REGIONAL AP,United States,TRUE
EWN,Coastal Carolina Regional Airport-á(Craven County Regional),New Bern,NC,USA,35.07297,-77.04294,USW00093719,0.743,1,0,4,365,370,35.0678,-77.0481,NC,NEW BERN CRAVEN CO AP,United States,TRUE
EWR,Newark Liberty International Airport,Newark,NJ,USA,40.6925,-74.16866,USW00014734,1.115,0,0,0,0,0,40.6825,-74.1694,NJ,NEWARK INTL AP,United States,TRUE
EYW,Key West International Airport,Key West,FL,USA,24.55611,-81.75956,USW00012836,0.755,0,0,0,365,365,24.555,-81.7522,FL,KEY WEST INTL AP,United States,TRUE
FAI,Fairbanks International Airport,Fairbanks,AK,USA,64.81368,-147.85967,USC00502965,0.78,0,0,0,0,0,64.8172,-147.8739,AK,FAIRBANKS AP #2,United States,FALSE
FAR,Hector International Airport,Fargo,ND,USA,46.91935,-96.81499,USW00014914,0.725,0,0,0,0,0,46.9253,-96.8111,ND,FARGO HECTOR INTL AP,United States,TRUE
FAT,Fresno Yosemite International Airport,Fresno,CA,USA,36.77619,-119.71814,USW00093193,0.439,0,0,0,0,0,36.78,-119.7194,CA,FRESNO YOSEMITE INTL AP,United States,TRUE
FAY,Fayetteville Regional Airport,Fayetteville,NC,USA,34.99147,-78.88,USW00093740,0.028,0,0,0,365,365,34.9914,-78.8803,NC,FAYETTEVILLE RGNL AP,United States,TRUE
FCA,Glacier Park International Airport,Kalispell,MT,USA,48.3114,-114.25507,USC00244558,1.02,0,0,0,0,0,48.3042,-114.2636,MT,KALISPELL GLACIER AP,United States,TRUE
FLG,Flagstaff Pulliam Airport,Flagstaff,AZ,USA,35.13845,-111.67122,USW00003103,0.776,0,0,0,0,0,35.1442,-111.6664,AZ,FLAGSTAFF PULLIAM AP,United States,TRUE
FLL,Fort Lauderdale-Hollywood International Airport,Ft. Lauderdale,FL,USA,26.07258,-80.15275,USW00012849,0.114,0,0,0,365,365,26.0719,-80.1536,FL,FT LAUDERDALE HOLLYWOOD AP,United States,TRUE
FNT,Bishop International Airport,Flint,MI,USA,42.9655,-83.74346,USW00014826,0.502,0,0,0,0,0,42.9667,-83.7494,MI,FLINT BISHOP INTL AP,United States,TRUE
FSD,Sioux Falls Regional Airport,Sioux Falls,SD,USA,43.58135,-96.7417,USC00397666,1.186,0,0,0,0,0,43.5878,-96.73,SD,SIOUX FALLS WFO AP,United States,TRUE
FSM,Fort Smith Regional Airport,Fort Smith,AR,USA,35.33659,-94.36744,USW00013964,0.593,0,0,0,0,0,35.3331,-94.3625,AR,FT SMITH RGNL AP,United States,TRUE
FWA,Fort Wayne International Airport,Fort Wayne,IN,USA,40.97847,-85.19515,USW00014827,1.289,0,0,0,0,0,40.9706,-85.2064,IN,FT WAYNE INTL AP,United States,TRUE
GCC,Gillette-Campbell County Airport,Gillette,WY,USA,44.3489,-105.53936,USW00094023,1.077,0,0,0,365,365,44.3394,-105.5419,WY,GILLETTE CAMPBELL AP,United States,TRUE
GCK,Garden City Regional Airport,Garden City,KS,USA,37.92752,-100.72441,USW00023064,0.044,0,0,0,365,365,37.9272,-100.7247,KS,GARDEN CITY RGNL AP,United States,TRUE
GEG,Spokane International Airport,Spokane,WA,USA,47.61986,-117.53384,USW00024157,0.477,0,0,0,0,0,47.6217,-117.5281,WA,SPOKANE INTL AP,United States,TRUE
GFK,Grand Forks International Airport,Grand Forks,ND,USA,47.94926,-97.17611,USW00014916,0.924,0,0,0,0,0,47.9428,-97.1839,ND,GRAND FORKS INTL AP,United States,TRUE
GGG,East Texas Regional Airport,Longview,TX,USA,32.38486,-94.71171,USW00003901,0.018,1,2,0,365,368,32.3847,-94.7117,TX,LONGVIEW E TX RGNL AP,United States,TRUE
GJT,Grand Junction Regional Airport-á(Walker Field),Grand Junction,CO,USA,39.12241,-108.52673,USC00053486,0.349,0,0,0,0,0,39.1197,-108.5247,CO,GRAND JUNCTION WFO,United States,FALSE
GNV,Gainesville Regional Airport,Gainesville,FL,USA,29.69006,-82.27178,USW00012816,0.422,0,0,0,363,363,29.6919,-82.2756,FL,GAINESVILLE RGNL AP,United States,TRUE
GPT,Gulfport-Biloxi International Airport,Gulfport-Biloxi,MS,USA,30.40728,-89.07009,USW00093874,1.15,0,0,0,365,365,30.4119,-89.0808,MS,GULFPORT - BILOXI AP,United States,TRUE
GRB,Green Bay-Austin Straubel International Airport,Green Bay,WI,USA,44.48507,-88.12959,USC00473268,2.035,92,92,0,10,194,44.4983,-88.1119,WI,GREEN BAY WFO,United States,FALSE
GRI,Central Nebraska Regional Airport,Grand Island,NE,USA,40.96747,-98.30861,USW00014935,0.824,0,0,0,0,0,40.9611,-98.3136,NE,GRAND ISLAND AP,United States,TRUE
GRK,Killeen-Fort Hood Regional Airport,Killeen,TX,USA,31.0649,-97.8278,US1TXCRL003,6.633,365,365,0,102,832,31.0916,-97.89,TX,KEMPNER 6.7 ENE,United States,FALSE
GRR,Gerald R. Ford International Airport,Grand Rapids,MI,USA,42.88082,-85.52277,USC00206013,2.265,365,365,0,0,730,42.8933,-85.5447,MI,NWSFO GRAND RAPIDS,United States,FALSE
GSO,Piedmont Triad International Airport,Greensboro,NC,USA,36.09775,-79.9373,USW00013723,0.548,0,0,0,0,0,36.0969,-79.9433,NC,PIEDMONT TRIAD INTL AP,United States,TRUE
GSP,Greenville-Spartanburg International Airport,Greer,SC,USA,34.89567,-82.21886,USW00003870,1.405,0,0,0,0,0,34.8831,-82.2203,SC,GREER,United States,FALSE
GST,Gustavus Airport,Gustavus,AK,USA,58.42438,-135.70738,USW00025380,1.146,1,1,0,365,367,58.4292,-135.69,AK,GUSTAVUS 2 NE,United States,FALSE
GTF,Great Falls International Airport,Great Falls,MT,USA,47.482,-111.37069,USW00024143,1.299,0,0,0,0,0,47.4733,-111.3822,MT,GREAT FALLS INTL AP,United States,TRUE
GTR,Golden Triangle Regional Airport,Columbus-Starkville-West Point,MS,USA,33.45033,-88.59137,US1MSOK0021,16.305,344,344,1,130,819,33.4559,-88.7668,MS,STARKVILLE 3.2 E,United States,FALSE
GUC,Gunnison-Crested Butte Regional Airport,Gunnison,CO,USA,38.53396,-106.93318,US1COGN0041,1.072,364,364,0,148,876,38.5402,-106.9238,CO,GUNNISON 0.8 NNW,United States,FALSE
GUM,Guam International Airport,Agana,GU,USA,13.48345,-144.79598,GQW00041415,0.021,0,0,0,0,0,13.4836,144.7961,GU,GUAM INTL AP,Guam [United States],TRUE
HDN,Yampa Valley Airport-á(Yampa Valley Regional),Hayden,CO,USA,40.48118,-107.21766,USC00053867,3.38,0,0,0,2,2,40.4925,-107.2547,CO,HAYDEN,United States,FALSE
HIB,Range Regional Airport-á(Chisholm-Hibbing Airport),Hibbing,MN,USA,47.3866,-92.83899,USW00094931,0.023,1,2,0,365,368,47.3864,-92.8389,MN,HIBBING CHISHOLM HIBBING AP,United States,TRUE
HLN,Helena Regional Airport,Helena,MT,USA,46.60682,-111.98275,USW00024144,1.471,0,0,0,0,0,46.6056,-111.9636,MT,HELENA RGNL AP,United States,TRUE
HNL,Honolulu International Airport,Honolulu,HI,USA,21.31869,-157.92241,USW00022521,0.928,0,1,0,365,366,21.3239,-157.9294,HI,HONOLULU INTL AP,United States,TRUE
HOB,Lea County Regional Airport,Hobbs,NM,USA,32.68753,-103.21703,USC00294026,9.114,0,0,0,238,238,32.7264,-103.1314,NM,HOBBS,United States,FALSE
HOU,William P. Hobby Airport,Houston,TX,USA,29.64542,-95.27889,USW00012918,0.865,0,0,0,365,365,29.6381,-95.2819,TX,HOUSTON HOBBY AP,United States,TRUE
HPN,Westchester County Airport,White Plains,NY,USA,41.06696,-73.70757,USW00094745,0.009,0,0,0,363,363,41.0669,-73.7075,NY,WESTCHESTER CO AP,United States,TRUE
HRL,Valley International Airport,Harlingen,TX,USA,26.22851,-97.65439,USW00012904,0.049,0,0,1,15,16,26.2281,-97.6542,TX,HARLINGEN RIO GRANDE AP,United States,TRUE
HSV,Huntsville International Airport,Huntsville,AL,USA,34.64045,-86.77311,USW00003856,1.25,0,1,0,0,1,34.6439,-86.7861,AL,HUNTSVILLE INTL AP,United States,TRUE
HYA,Barnstable Municipal Airport,Hyannis,MA,USA,41.66934,-70.28036,USW00094720,0.088,0,0,0,365,365,41.6686,-70.28,MA,HYANNIS BARNSTABLE MUNI AP,United States,TRUE
HYS,Hays Regional Airport,Hays,KS,USA,38.84494,-99.27403,US1KSEL0033,0.829,36,36,0,35,107,38.8431,-99.2833,KS,HAYS 3.1 SE,United States,FALSE
IAD,Washington Dulles International Airport,Chantilly,VA,USA,38.94453,-77.45581,USW00093738,0.792,0,0,0,0,0,38.9408,-77.4636,VA,WASHINGTON DC DULLES AP,United States,TRUE
IAG,Niagara Falls International Airport,Niagara Falls,NY,USA,43.10726,-78.94538,USW00004724,0.009,0,0,0,365,365,43.1072,-78.9453,NY,NIAGARA FALLS INTL AP,United States,TRUE
IAH,George Bush Intercontinental Airport,Houston,TX,USA,29.98047,-95.33972,USW00012960,1.956,0,0,0,0,0,29.98,-95.36,TX,HOUSTON INTERCONT AP,United States,TRUE
ICT,Wichita Dwight D. Eisenhower National Airport-á(Wichita Mid-Continent Airport),Wichita,KS,USA,37.64996,-97.43305,USW00003928,0.968,0,0,0,0,0,37.6544,-97.4425,KS,WICHITA,United States,FALSE
IDA,Idaho Falls Regional Airport,Idaho Falls,ID,USA,43.51456,-112.07017,USW00024145,0.315,0,0,0,365,365,43.5164,-112.0672,ID,IDAHO FALLS FANNING FLD,United States,FALSE
ILG,Wilmington Airport,Wilmington,DE,USA,39.67872,-75.60653,USW00013781,0.822,0,0,0,0,0,39.6728,-75.6008,DE,WILMINGTON NEW CASTLE CO AP,United States,TRUE
ILM,Wilmington International Airport,Wilmington,NC,USA,34.27061,-77.90256,USW00013748,0.435,0,0,0,0,0,34.2675,-77.8997,NC,WILMINGTON INTL AP,United States,TRUE
IMT,Ford Airport,Iron Mountain/Kingsford,MI,USA,45.81835,-88.11454,USW00094893,0.012,0,0,0,365,365,45.8183,-88.1144,MI,IRON MTN FORD AP,United States,TRUE
IND,Indianapolis International Airport,Indianapolis,IN,USA,39.71733,-86.29438,USW00093819,1.628,0,0,0,0,0,39.7075,-86.2803,IN,INDIANAPOLIS,United States,FALSE
INL,Falls International Airport,International Falls,MN,USA,48.56619,-93.40307,USW00014918,0.647,0,0,0,0,0,48.5614,-93.3981,MN,INTL FALLS INTL AP,United States,TRUE
ISN,Sloulin Field International Airport,Williston,ND,USA,48.17794,-103.64235,USW00094014,0.615,0,0,0,362,362,48.1739,-103.6367,ND,WILLISTON SLOULIN INTL AP,United States,TRUE
ISP,Long Island MacArthur Airport,Islip,NY,USA,40.79524,-73.10021,USW00004781,0.195,0,0,0,0,0,40.7939,-73.1017,NY,ISLIP LI MACARTHUR AP,United States,TRUE
ITH,Ithaca Tompkins Regional Airport,Ithaca,NY,USA,42.49103,-76.45844,US1NYTM0023,3.541,365,365,0,2,732,42.5021,-76.418,NY,FREEVILLE 3.7 W,United States,FALSE
ITO,Hilo International Airport,Hilo,HI,USA,19.72026,-155.04847,USW00021504,0.499,0,0,0,365,365,19.7192,-155.0531,HI,HILO INTL AP,United States,TRUE
JAC,Jackson Hole Airport,Jackson,WY,USA,43.60732,-110.73774,US1WYTT0015,5.026,259,259,0,92,610,43.596,-110.7981,WY,TETON VILLAGE 1.6 NE,United States,FALSE
JAN,Jackson-Evers International Airport,Jackson,MS,USA,32.31117,-90.07589,US1MSRN0042,0.988,309,309,1,14,633,32.3191,-90.0806,MS,FLOWOOD 1.5 E,United States,FALSE
JAX,Jacksonville International Airport,Jacksonville,FL,USA,30.49406,-81.68786,USW00013889,1.723,0,0,0,365,365,30.4844,-81.7019,FL,JACKSONVILLE,United States,FALSE
JFK,John F. Kennedy International Airport-á(New York International Airport),New York,NY,USA,40.63975,-73.77893,USW00094789,1.419,0,0,0,0,0,40.6386,-73.7622,NY,NEW YORK JFK INTL AP,United States,TRUE
JLN,Joplin Regional Airport,Joplin,MO,USA,37.15181,-94.49827,USW00013987,0.667,0,0,1,365,366,37.1467,-94.5022,MO,JOPLIN REGIONAL  AIRPORT,United States,TRUE
JMS,Jamestown Regional Airport,Jamestown,ND,USA,46.92972,-98.6782,USW00014919,0.812,0,0,0,365,365,46.9258,-98.6692,ND,JAMESTOWN MUNI AP,United States,TRUE
JNU,Juneau International Airport,Juneau,AK,USA,58.35496,-134.57628,USW00025309,0.749,0,0,0,0,0,58.3567,-134.5639,AK,JUNEAU INTL AP,United States,TRUE
KOA,Kona International Airport at Keahole,Kailua/Kona,HI,USA,19.73877,-156.04563,USW00021510,0.492,1,0,0,20,21,19.7356,-156.0489,HI,KAILUA KONA KE-AHOLE AP,United States,TRUE
KTN,Ketchikan International Airport,Ketchikan,AK,USA,55.35557,-131.71374,USW00025325,0.18,0,0,0,365,365,55.3567,-131.7117,AK,KETCHIKAN INTL AP,United States,TRUE
LAN,Capital Region International Airport-á( Lansing Capital City),Lansing,MI,USA,42.7787,-84.58736,USW00014836,0.714,0,0,1,0,1,42.7803,-84.5789,MI,LANSING CAPITAL CITY AP,United States,TRUE
LAR,Laramie Regional Airport,Laramie,WY,USA,41.31205,-105.67499,USW00024022,0.029,0,0,0,365,365,41.3119,-105.6747,WY,LARAMIE RGNL AP,United States,TRUE
LAS,McCarran International Airport,Las Vegas,NV,USA,36.08036,-115.15233,USW00023169,1.364,0,0,0,0,0,36.0719,-115.1633,NV,LAS VEGAS MCCARRAN AP,United States,TRUE
LAW,Lawton-Fort Sill Regional Airport,Lawton,OK,USA,34.56771,-98.41664,USW00003950,1.049,0,0,0,365,365,34.5583,-98.4172,OK,LAWTON MUNI AP,United States,TRUE
LAX,Los Angeles International Airport,Los Angeles,CA,USA,33.94254,-118.40807,USW00023174,1.838,0,0,0,365,365,33.9381,-118.3889,CA,LOS ANGELES INTL AP,United States,TRUE
LBB,Lubbock Preston Smith International Airport,Lubbock,TX,USA,33.66364,-101.82278,US1TXLK0022,0.245,313,313,0,96,722,33.6658,-101.8233,TX,LUBBOCK INTERNATIONAL,United States,FALSE
LBE,Arnold Palmer Regional Airport,Latrobe,PA,USA,40.27594,-79.4048,US1PAWT0002,4.958,295,295,0,113,703,40.3189,-79.3894,PA,LATROBE 0.6 NW,United States,FALSE
LCH,Lake Charles Regional Airport,Lake Charles,LA,USA,30.1261,-93.2234,USW00003937,0.742,0,0,0,365,365,30.125,-93.2158,LA,LAKE CHARLES,United States,FALSE
LEX,Blue Grass Airport,Lexington,KY,USA,38.03697,-84.60539,USW00093820,0.428,0,0,0,0,0,38.0408,-84.6058,KY,LEXINGTON BLUEGRASS AP,United States,TRUE
LFT,Lafayette Regional Airport,Lafayette,LA,USA,30.20528,-91.98766,USW00013976,0.035,0,0,1,365,366,30.205,-91.9875,LA,LAFAYETTE RGNL AP,United States,TRUE
LGA,LaGuardia Airport (Marine Air Terminal),New York,NY,USA,40.77724,-73.87261,USW00014732,0.691,0,0,0,0,0,40.7794,-73.8803,NY,NEW YORK LAGUARDIA AP,United States,TRUE
LGB,Long Beach Airport-á(Daugherty Field),Long Beach,CA,USA,33.81772,-118.15161,USW00023129,0.825,0,0,0,365,365,33.8117,-118.1464,CA,LONG BEACH DAUGHERTY FLD,United States,FALSE
LIH,Lihue Airport,Lihue,HI,USA,21.97598,-159.33896,USW00022536,0.896,0,0,0,335,335,21.9839,-159.3405,HI,LIHUE WSO AP 1020.1,United States,FALSE
LIT,Bill and Hillary Clinton National Airport-á(Adams Field),Little Rock,AR,USA,34.7294,-92.22425,USW00013963,1.363,0,0,0,0,0,34.7272,-92.2389,AR,LITTLE ROCK AP ADAMS FLD,United States,FALSE
LNK,Lincoln Airport-á(Lincoln Municipal),Lincoln,NE,USA,40.85097,-96.75925,USW00014939,0.99,0,0,0,0,0,40.8508,-96.7475,NE,LINCOLN MUNI AP,United States,TRUE
LRD,Laredo International Airport,Laredo,TX,USA,27.54374,-99.46154,USW00012907,1.269,0,0,0,2,2,27.5333,-99.4667,TX,LAREDO AFB,United States,FALSE
LSE,La Crosse Regional Airport,La Crosse,WI,USA,43.87938,-91.25654,USW00014920,0.305,0,0,0,0,0,43.8789,-91.2528,WI,LA CROSSE MUNI AP,United States,TRUE
LWS,Lewiston-Nez Perce County Airport,Lewiston,ID,USA,46.3745,-117.01539,USW00024149,0.027,0,0,0,0,0,46.3747,-117.0156,ID,LEWISTON NEZ PERCE CO AP,United States,TRUE
MAF,Midland International Airport,Midland,TX,USA,31.94253,-102.20191,USW00023023,1.232,0,0,0,0,0,31.9433,-102.1889,TX,MIDLAND ODESSA,United States,FALSE
MBS,MBS International Airport,Saginaw,MI,USA,43.53291,-84.07965,USW00014845,0.022,0,0,0,1,1,43.5331,-84.0797,MI,SAGINAW MBS INTL AP,United States,TRUE
MCI,Kansas City International Airport,Kansas City,MO,USA,39.29761,-94.71391,USW00003947,1.439,0,0,0,0,0,39.2972,-94.7306,MO,KANSAS CITY INTL AP,United States,TRUE
MCO,Orlando International Airport,Orlando,FL,USA,28.42889,-81.31603,USW00012815,1.04,0,0,0,0,0,28.4339,-81.325,FL,ORLANDO INTL AP,United States,TRUE
MDT,Harrisburg International Airport,Harrisburg,PA,USA,40.1935,-76.7634,USW00014711,0.014,0,0,0,0,0,40.1936,-76.7633,PA,MIDDLETOWN HARRISBURG INTL,United States,FALSE
MDW,Chicago Midway International Airport,Chicago,IL,USA,41.78598,-87.75242,USW00014819,0.023,0,0,1,365,366,41.7861,-87.7522,IL,CHICAGO MIDWAY AP,United States,TRUE
MEI,Meridian Regional Airport,Meridian,MS,USA,32.33313,-88.75121,USW00013865,0.682,0,0,0,365,365,32.3347,-88.7442,MS,MERIDIAN KEY FLD,United States,FALSE
MEM,Memphis International Airport,Memphis,TN,USA,35.04242,-89.97667,USW00013893,1.791,0,0,0,0,0,35.0564,-89.9864,TN,MEMPHIS INTL AP,United States,TRUE
MFE,McAllen-Miller International Airport-á(McAllen Miller International),McAllen,TX,USA,26.17583,-98.23861,USW00012959,1.772,0,0,0,365,365,26.1839,-98.2539,TX,MCALLEN MILLER INTL AP,United States,TRUE
MFR,Rogue Valley International Airport,Medford,OR,USA,42.37423,-122.8735,USW00024225,0.772,0,0,0,0,0,42.3811,-122.8722,OR,MEDFORD ROGUE VLY AP,United States,TRUE
MGM,Montgomery Regional Airport,Montgomery,AL,USA,32.30064,-86.39398,USW00013895,1.276,1,1,0,365,367,32.2997,-86.4075,AL,MONTGOMERY AP,United States,TRUE
MHK,Manhattan Regional Airport,Manhattan,KS,USA,39.14097,-96.67083,USW00003936,0.872,0,0,0,365,365,39.1353,-96.6778,KS,MANHATTAN MUNI AP,United States,TRUE
MHT,Manchester-Boston Regional Airport,Manchester,NH,USA,42.93452,-71.43706,USW00014710,0.169,0,0,0,94,94,42.9333,-71.4383,NH,MANCHESTER AP,United States,TRUE
MIA,Miami International Airport,Miami,FL,USA,25.79325,-80.29056,USW00012839,2.607,0,0,0,365,365,25.7906,-80.3164,FL,MIAMI INTL AP,United States,TRUE
MKE,General Mitchell International Airport,Milwaukee,WI,USA,42.94722,-87.89658,USW00014839,1.075,0,0,0,0,0,42.955,-87.9044,WI,MILWAUKEE MITCHELL AP,United States,TRUE
MKG,Muskegon County Airport,Muskegon,MI,USA,43.16949,-86.23822,USW00014840,0.218,0,0,0,0,0,43.1711,-86.2367,MI,MUSKEGON CO AP,United States,TRUE
MLB,Melbourne International Airport,Melbourne,FL,USA,28.10275,-80.64581,USW00012838,0.263,0,0,0,365,365,28.1011,-80.6439,FL,MELBOURNE INTL AP,United States,TRUE
MLI,Quad City International Airport,Moline,IL,USA,41.44853,-90.50754,USW00014923,2.283,0,0,0,0,0,41.4653,-90.5233,IL,MOLINE QUAD CITY INTL AP,United States,TRUE
MLU,Monroe Regional Airport,Monroe,LA,USA,32.51087,-92.03769,USW00013942,0.593,0,0,0,365,365,32.5156,-92.0406,LA,MONROE RGNL AP,United States,TRUE
MMH,Mammoth Yosemite Airport,Mammoth Lakes,CA,USA,37.62405,-118.83777,USC00045280,11.24,0,0,0,0,0,37.6478,-118.9617,CA,MAMMOTH LAKES RS,United States,FALSE
MOB,Mobile Regional Airport,Mobile,AL,USA,30.69142,-88.24283,USW00013894,1.371,0,0,0,0,0,30.6794,-88.2397,AL,MOBILE,United States,FALSE
MOT,Minot International Airport,Minot,ND,USA,48.25938,-101.28033,USW00024013,0.691,0,0,0,336,336,48.2553,-101.2733,ND,MINOT INTL AP,United States,TRUE
MQT,Sawyer International Airport,Marquette,MI,USA,46.35364,-87.39536,USC00204425,2.55,1,1,0,0,2,46.3342,-87.3778,MI,KI SAWYER WWTP,United States,FALSE
MRY,Monterey Regional Airport-á(Monterey Peninsula Airport),Monterey,CA,USA,36.58698,-121.84295,USW00023259,0.244,3,2,0,19,24,36.5881,-121.8453,CA,MONTEREY PENINSUL AP,United States,TRUE
MSN,Dane County Regional Airport,Madison,WI,USA,43.13986,-89.33751,USW00014837,0.638,0,0,0,0,0,43.1406,-89.3453,WI,MADISON DANE RGNL AP,United States,TRUE
MSO,Missoula International Airport,Missoula,MT,USA,46.91631,-114.09056,USW00024153,0.521,0,0,0,0,0,46.9208,-114.0925,MT,MISSOULA INTL AP,United States,TRUE
MSP,Minneapolis-Saint Paul International Airport,Minneapolis,MN,USA,44.88055,-93.21692,USW00014922,0.987,0,0,0,0,0,44.8831,-93.2289,MN,MINNEAPOLIS/ST PAUL AP,United States,TRUE
MSY,Louis Armstrong New Orleans International Airport,New Orleans,LA,USA,29.99339,-90.25803,USW00012916,0.668,0,0,0,365,365,29.9933,-90.2511,LA,NEW ORLEANS INTL AP,United States,TRUE
MTJ,Montrose Regional Airport,Montrose,CO,USA,38.50887,-107.89383,USW00093013,0.536,0,0,0,365,365,38.505,-107.8975,CO,MONTROSE RGNL AP,United States,TRUE
MVY,Martha's Vineyard Airport,Marthas Vineyard,MA,USA,41.39303,-70.61433,USW00094724,0.056,11,11,0,365,387,41.3931,-70.615,MA,VINEYARD HAVEN AP,United States,TRUE
MYR,Myrtle Beach International Airport,Myrtle Beach,SC,USA,33.67975,-78.92833,US1SCHR0073,4.683,352,352,0,150,854,33.6446,-78.9561,SC,MYRTLE BEACH 5.2 SW,United States,FALSE
OAJ,Albert J. Ellis Airport,Jacksonville,NC,USA,34.82916,-77.61214,US1NCON0067,2.434,228,228,0,123,579,34.8293,-77.5855,NC,RICHLANDS 5.3 SSW,United States,FALSE
OAK,Oakland International Airport,Oakland,CA,USA,37.72129,-122.22072,USW00023230,0.014,0,0,0,18,18,37.7214,-122.2208,CA,OAKLAND METRO INTL AP,United States,TRUE
OGG,Kahului Airport,Kahului,HI,USA,20.89865,-156.43046,USW00022516,0.226,0,0,0,365,365,20.8997,-156.4286,HI,KAHULUI AP,United States,TRUE
OKC,Will Rogers World Airport,Oklahoma City,OK,USA,35.39309,-97.60073,USW00013967,0.467,0,0,0,0,0,35.3889,-97.6006,OK,OKLAHOMA CITY WILL ROGERS A,United States,FALSE
OMA,Eppley Airfield,Omaha,NE,USA,41.30252,-95.89417,USW00014942,0.963,0,0,0,0,0,41.3103,-95.8992,NE,OMAHA EPPLEY AIRFIELD,United States,FALSE
OME,Nome Airport,Nome,AK,USA,64.5122,-165.44525,USW00026617,0.28,0,0,0,0,0,64.5111,-165.44,AK,NOME MUNI AP,United States,TRUE
ONT,Ontario International Airport,Ontario,CA,USA,34.056,-117.60119,USW00003102,0.083,0,0,0,23,23,34.0561,-117.6003,CA,ONTARIO INTL AP,United States,TRUE
ORD,Chicago O'Hare International Airport,Chicago,IL,USA,41.9796,-87.90446,USW00094846,2.958,0,0,0,0,0,41.995,-87.9336,IL,CHICAGO OHARE INTL AP,United States,TRUE
ORF,Norfolk International Airport,Norfolk,VA,USA,36.89461,-76.20122,USW00013737,1.257,0,0,0,0,0,36.9033,-76.1922,VA,NORFOLK INTL AP,United States,TRUE
ORH,Worcester Regional Airport,Worcester,MA,USA,42.26734,-71.87571,USW00094746,0.422,0,0,0,0,0,42.2706,-71.8731,MA,WORCESTER RGNL AP,United States,TRUE
OTH,Southwest Oregon Regional Airport-á(North Bend Municipal),North Bend,OR,USA,43.41714,-124.24603,USW00024284,0.47,0,1,4,365,370,43.4133,-124.2436,OR,NORTH BEND RGNL AP,United States,TRUE
OTZ,Ralph Wien Memorial Airport,Kotzebue,AK,USA,66.88468,-162.59855,USW00026616,2.513,0,0,0,0,0,66.8667,-162.6333,AK,KOTZEBUE RALPH WEIN AP,United States,TRUE
PAH,Barkley Regional Airport,Paducah,KY,USA,37.06083,-88.77375,USC00158555,0.839,0,0,0,1,1,37.0683,-88.7725,KY,W PADUCAH 2W,United States,FALSE
PBI,Palm Beach International Airport,West Palm Beach,FL,USA,26.68316,-80.09559,USW00012844,0.416,0,0,0,334,334,26.6847,-80.0994,FL,WEST PALM BEACH INTL AP,United States,TRUE
PDX,Portland International Airport,Portland,OR,USA,45.58872,-122.5975,USW00024229,0.318,0,0,0,365,365,45.5908,-122.6003,OR,PORTLAND INTL AP,United States,TRUE
PHF,Newport News/Williamsburg International Airport,Newport News,VA,USA,37.1319,-76.49299,USW00093741,0.001,0,0,3,365,368,37.1319,-76.493,VA,NEWPORT NEWS INTL AP,United States,TRUE
PHL,Philadelphia International Airport,Philadelphia,PA,USA,39.87195,-75.24114,USW00013739,0.949,0,0,0,0,0,39.8683,-75.2311,PA,PHILADELPHIA INTL AP,United States,TRUE
PHX,Phoenix Sky Harbor International Airport,Phoenix,AZ,USA,33.43417,-112.00806,USW00023183,0.808,0,0,0,365,365,33.4278,-112.0039,AZ,PHOENIX SKY HARBOR INTL AP,United States,TRUE
PIA,General Wayne A. Downing Peoria International Airport,Peoria,IL,USA,40.66424,-89.69331,USW00014842,0.874,0,0,0,0,0,40.6675,-89.6839,IL,PEORIA GTR PEORIA AP,United States,TRUE
PIB,Hattiesburg-Laurel Regional Airport,Hattiesburg-Laurel,MS,USA,31.46715,-89.33706,US1MSFR0009,5.649,307,307,0,116,730,31.4167,-89.3306,MS,HATTIESBURG 7.3 N,United States,FALSE
PIH,Pocatello Regional Airport,Pocatello,ID,USA,42.91131,-112.59586,USW00024156,2.253,0,0,0,0,0,42.9203,-112.5711,ID,POCATELLO RGNL AP,United States,TRUE
PIT,Pittsburgh International Airport,Pittsburgh,PA,USA,40.49147,-80.23287,USW00094823,1.736,0,0,0,0,0,40.4847,-80.2144,PA,PITTSBURGH INTL AP,United States,TRUE
PLN,Pellston Regional Airport of Emmet County,Pellston,MI,USA,45.57093,-84.79672,USW00014841,0.788,0,0,0,365,365,45.5644,-84.7928,MI,PELLSTON RGNL AP,United States,TRUE
PNS,Pensacola International Airport-á(Pensacola Gulf Coast Regional Airport),Pensacola,FL,USA,30.47331,-87.18744,USW00013899,0.536,0,0,0,365,365,30.4781,-87.1869,FL,PENSACOLA RGNL AP,United States,TRUE
PPG,Pago Pago International Airport (Tafuna Airport),Pago Pago,AS,USA,14.33102,-170.71053,AQW00061705,0.334,0,0,0,1,1,-14.3306,-170.7136,AS,PAGO PAGO WSO AP,American Samoa [United States],TRUE
PSC,Tri-Cities Airport,Pasco,WA,USA,46.26468,-119.11903,USW00024163,0.288,0,0,0,1,1,46.2667,-119.1167,WA,PASCO TRI CITIES AP,United States,TRUE
PSE,Mercedita Airport,Ponce,PR,USA,18.0083,-66.56301,RQ1PRPC0001,2.793,140,140,0,139,419,18.0046,-66.5891,PR,PONCE 1.8 NE,Puerto Rico [United States],FALSE
PSG,Petersburg James A. Johnson Airport,Petersburg,AK,USA,56.80165,-132.94528,USW00025329,0.66,0,0,0,0,0,56.8056,-132.9372,AK,PETERSBURG 1,United States,FALSE
PSP,Palm Springs International Airport,Palm Springs,CA,USA,33.82922,-116.50625,USW00093138,0.153,0,0,0,11,11,33.8281,-116.5053,CA,PALM SPRINGS RGNL AP,United States,TRUE
PUB,Pueblo Memorial Airport,Pueblo,CO,USA,38.28909,-104.49657,USW00093058,0.182,0,0,0,0,0,38.29,-104.4983,CO,PUEBLO MEM AP,United States,TRUE
PVD,Theodore Francis Green State Airport,Providence,RI,USA,41.724,-71.42822,USW00014765,0.426,0,0,0,0,0,41.7219,-71.4325,RI,PROVIDENCE T F GREEN AP,United States,TRUE
PWM,Portland International Jetport,Portland,ME,USA,43.64617,-70.30875,USW00014764,0.786,0,0,0,0,0,43.6497,-70.3003,ME,PORTLAND INTL JETPORT,United States,FALSE
RAP,Rapid City Regional Airport,Rapid City,SD,USA,44.04532,-103.05737,USW00024090,0.376,0,0,0,0,0,44.0433,-103.0536,SD,RAPID CITY RGNL AP,United States,TRUE
RDD,Redding Municipal Airport,Redding,CA,USA,40.50898,-122.2934,USR0000CREA,0.795,0,0,365,365,730,40.5158,-122.2906,CA,REDDING AIRPORT CALIFORNIA,United States,TRUE
RDM,Redmond Municipal Airport-á(Roberts Field),Redmond,OR,USA,44.25407,-121.14996,USC00357050,0.706,71,71,15,0,157,44.2603,-121.1483,OR,REDMOND AIR CTR,United States,FALSE
RDU,Raleigh-Durham International Airport,Raleigh,NC,USA,35.87764,-78.78747,USW00013722,1.697,0,0,0,0,0,35.8922,-78.7819,NC,RALEIGH DURHAM INTL AP,United States,TRUE
RHI,Rhinelander-Oneida County Airport,Rhinelander,WI,USA,45.63119,-89.46745,USW00004803,0.173,0,0,0,2,2,45.6308,-89.4653,WI,RHINELANDER ONEIDA AP,United States,TRUE
RIC,Richmond International Airport,Richmond,VA,USA,37.50517,-77.31967,USW00013740,0.059,0,0,0,0,0,37.505,-77.3203,VA,RICHMOND INTL AP,United States,TRUE
RKS,Rock Springs-Sweetwater County Airport,Rock Springs,WY,USA,41.59422,-109.06519,USW00024027,1.032,0,1,0,365,366,41.5944,-109.0528,WY,ROCK SPRINGS AP,United States,TRUE
RNO,Reno/Tahoe International Airport,Reno,NV,USA,39.49858,-119.76806,USW00023185,1.655,0,0,0,0,0,39.4839,-119.7711,NV,RENO TAHOE INTL AP,United States,TRUE
ROA,Roanoke Regional Airport-á(Woodrum Field),Roanoke,VA,USA,37.32547,-79.97543,USW00013741,0.96,0,0,0,0,0,37.3169,-79.9742,VA,ROANOKE RGNL AP,United States,TRUE
ROC,Greater Rochester International Airport,Rochester,NY,USA,43.11887,-77.67238,USW00014768,0.426,0,0,0,0,0,43.1167,-77.6767,NY,ROCHESTER GTR INTL AP,United States,TRUE
ROW,Roswell International Air Center,Roswell,NM,USA,33.30156,-104.53056,USW00023009,2.174,0,0,0,0,0,33.3075,-104.5083,NM,ROSWELL IND AIR PK,United States,FALSE
RST,Rochester International Airport,Rochester,MN,USA,43.90883,-92.49799,USW00014925,0.721,0,0,0,0,0,43.9042,-92.4917,MN,ROCHESTER INTL AP,United States,TRUE
RSW,Southwest Florida International Airport,Ft. Myers,FL,USA,26.53617,-81.75517,USW00012894,0.019,0,0,0,365,365,26.5361,-81.755,FL,FT MYERS SW FL RGNL AP,United States,TRUE
SAF,Santa Fe Municipal Airport,Santa Fe,NM,USA,35.61678,-106.08814,USW00023049,0.07,2,2,3,364,371,35.6169,-106.0889,NM,SANTA FE CO MUNI AP,United States,TRUE
SAN,San Diego International Airport-á(Lindbergh Field),San Diego,CA,USA,32.73356,-117.18966,USW00023188,0.614,0,0,0,365,365,32.7336,-117.1831,CA,SAN DIEGO LINDBERGH FLD,United States,FALSE
SAT,San Antonio International Airport,San Antonio,TX,USA,29.53369,-98.46978,USW00012921,1.8,0,0,0,0,0,29.5442,-98.4839,TX,SAN ANTONIO INTL AP,United States,TRUE
SAV,Savannah/Hilton Head International Airport,Savannah,GA,USA,32.12758,-81.20214,USW00003822,0.788,0,0,0,0,0,32.13,-81.21,GA,SAVANNAH INTL AP,United States,TRUE
SBA,Santa Barbara Municipal Airport-á(Santa Barbara Airport),Santa Barbara,CA,USA,34.42621,-119.84037,USW00023190,0.201,0,0,0,365,365,34.4258,-119.8425,CA,SANTA BARBARA MUNI AP,United States,TRUE
SBN,South Bend International Airport-á(South Bend Regional),South Bend,IN,USA,41.70895,-86.31847,USW00014848,0.26,0,0,0,0,0,41.7072,-86.3164,IN,SOUTH BEND MICHIANA RGNL AP,United States,TRUE
SBP,San Luis Obispo County Regional Airport-á(McChesney Field),San Luis Obispo,CA,USA,35.23706,-120.64239,USW00093206,0.091,1,1,0,31,33,35.2372,-120.6414,CA,SAN LUIS OBISPO AP,United States,TRUE
SCC,Deadhorse Airport-á(Prudhoe Bay Airport),Deadhorse,AK,USA,70.19476,-148.46516,USW00027406,0.568,0,0,0,365,365,70.1917,-148.4772,AK,DEADHORSE AP,United States,TRUE
SCE,University Park Airport,State College,PA,USA,40.85121,-77.8463,USC00368449,6.683,0,0,0,1,1,40.7933,-77.8672,PA,STATE COLLEGE,United States,FALSE
SDF,Louisville International Airport-á(Standiford Field),Louisville,KY,USA,38.17439,-85.736,USW00093821,0.798,0,0,0,0,0,38.1811,-85.7392,KY,LOUISVILLE INTL AP,United States,TRUE
SEA,Seattle-Tacoma International Airport,Seattle,WA,USA,47.44898,-122.30931,USW00024233,0.616,0,0,0,0,0,47.4444,-122.3139,WA,SEATTLE TACOMA INTL AP,United States,TRUE
SFO,San Francisco International Airport,San Francisco,CA,USA,37.619,-122.37484,USW00023234,0.897,0,0,0,365,365,37.6197,-122.3647,CA,SAN FRANCISCO INTL AP,United States,TRUE
SGF,Springfield-Branson National Airport,Springfield,MO,USA,37.24433,-93.38686,USW00013995,1.559,0,0,0,0,0,37.2353,-93.4003,MO,SPRINGFIELD,United States,FALSE
SGU,St. George Regional Airport,St George,UT,USA,37.09058,-113.59306,USC00427516,3.377,1,0,0,0,1,37.1189,-113.6067,UT,ST GEORGE,United States,FALSE
SHV,Shreveport Regional Airport,Shreveport,LA,USA,32.44663,-93.8256,USW00013957,1.522,0,0,0,0,0,32.4506,-93.8411,LA,SHREVEPORT,United States,FALSE
SIT,Sitka Rocky Gutierrez Airport,Sitka,AK,USA,57.04714,-135.3616,USW00025333,0.216,1,1,0,358,360,57.0481,-135.3647,AK,SITKA AIRPORT,United States,TRUE
SJC,Norman Y. Mineta San Jos+® International Airport,San Jose,CA,USA,37.36186,-121.92901,USW00023293,0.54,0,0,0,365,365,37.3592,-121.9239,CA,SAN JOSE,United States,FALSE
SJT,San Angelo Regional Airport-á(Mathis Field),San Angelo,TX,USA,31.35775,-100.49631,USC00417944,1.464,0,0,0,0,0,31.3708,-100.4944,TX,SAN ANGELO WFO,United States,FALSE
SJU,Luis Mu+¦oz Mar+¡n International Airport,San Juan,PR,USA,18.43942,-66.00183,RQW00011641,1.221,0,0,0,1,1,18.4325,-66.0108,PR,SAN JUAN L M MARIN AP,Puerto Rico [United States],TRUE
SLC,Salt Lake City International Airport,Salt Lake City,UT,USA,40.78839,-111.97777,USW00024127,1.345,0,0,0,0,0,40.7781,-111.9694,UT,SALT LAKE CITY INTL AP,United States,TRUE
SMF,Sacramento International Airport,Sacramento,CA,USA,38.69542,-121.59077,USW00093225,0.095,0,0,0,365,365,38.6956,-121.5897,CA,SACRAMENTO METRO AP,United States,TRUE
SMX,Santa Maria Public Airport-á(Capt G. Allan Hancock Field),Santa Maria,CA,USA,34.89925,-120.45758,USW00023273,0.82,0,0,0,365,365,34.8994,-120.4486,CA,SANTA MARIA PUBLIC AP,United States,TRUE
SNA,John Wayne Airport-á(Orange County Airport),Santa Ana,CA,USA,33.67566,-117.86822,USW00093184,0.512,0,0,0,7,7,33.68,-117.8664,CA,SANTA ANA JOHN WAYNE AP,United States,TRUE
SPI,Abraham Lincoln Capital Airport,Springfield,IL,USA,39.84395,-89.67762,USW00093822,0.543,0,0,0,0,0,39.8447,-89.6839,IL,SPRINGFIELD CAPITAL AP,United States,TRUE
SPS,Wichita Falls Municipal Airport/Sheppard AFB,Wichita Falls,TX,USA,33.9888,-98.49189,USW00013966,1.139,0,0,0,0,0,33.9786,-98.4928,TX,WICHITA FALLS MUNI AP,United States,TRUE
SRQ,Sarasota-Bradenton International Airport,Sarasota,FL,USA,27.39533,-82.55411,USW00012871,0.808,0,0,0,0,0,27.4014,-82.5586,FL,SARASOTA BRADENTON AP,United States,TRUE
STC,St. Cloud Regional Airport,St Cloud,MN,USA,45.54532,-94.05834,USW00014926,0.586,0,0,0,0,0,45.5433,-94.0514,MN,ST CLOUD RGNL AP,United States,TRUE
STL,St. Louis International Airport at Lambert Field,St Louis,MO,USA,38.74769,-90.35999,US1MOFSA189,1.2,362,362,0,117,841,38.7425,-90.3721,MO,EDMUNDSON 0.7 NNW,United States,FALSE
STT,Cyril E. King Airport,Charlotte Amalie,VI,USA,18.33731,-64.97336,VQW00011640,0.846,1,1,0,365,367,18.3331,-64.9667,VI,CHARLOTTE AMALIE AP,Virgin Islands [United States],TRUE
STX,Henry E. Rohlsen Airport,Christiansted,VI,USA,17.70189,-64.79856,VQW00011624,0.753,0,0,1,365,366,17.7028,-64.8056,VI,CHRISTIANSTED AP,Virgin Islands [United States],TRUE
SUN,Friedman Memorial Airport,Hailey,ID,USA,43.50484,-114.29659,USC00100774,5.259,3,1,12,7,23,43.4669,-114.2578,ID,BELLEVUE,United States,FALSE
SUX,Sioux Gateway Airport,Sioux City,IA,USA,42.4026,-96.38437,USC00137702,0.876,2,4,0,0,6,42.3964,-96.3778,IA,SIOUX CITY ANG,United States,FALSE
SWF,Stewart International Airport,Newburgh,NY,USA,41.50409,-74.10484,US1NYOR0002,9.432,83,83,3,46,215,41.4469,-74.0214,NY,CORNWALL ON HUDSON 0.6 NNW,United States,FALSE
SYR,Syracuse Hancock International Airport,Syracuse,NY,USA,43.11119,-76.10631,USW00014771,0.196,0,0,0,0,0,43.1111,-76.1039,NY,SYRACUSE HANCOCK INTL AP,United States,TRUE
TLH,Tallahassee International Airport,Tallahassee,FL,USA,30.39653,-84.35033,USC00088756,0.508,9,1,0,0,10,30.3961,-84.3556,FL,TALLAHASSEE AP,United States,TRUE
TOL,Toledo Express Airport,Toledo,OH,USA,41.58681,-83.80783,USW00094830,0.571,0,0,0,0,0,41.5886,-83.8014,OH,TOLEDO EXPRESS AP,United States,TRUE
TPA,Tampa International Airport,Tampa,FL,USA,27.97547,-82.53325,USW00012842,1.662,0,0,0,0,0,27.9619,-82.5403,FL,TAMPA INTL AP,United States,TRUE
TRI,Tri-Cities Regional Airport,Bristol,TN,USA,36.47521,-82.40742,USW00013877,0.358,0,0,0,0,0,36.4731,-82.4044,TN,BRISTOL TRI CITY AP,United States,TRUE
TTN,Trenton Mercer Airport,Trenton,NJ,USA,40.27669,-74.81347,USW00014792,0.199,0,0,0,365,365,40.2769,-74.8158,NJ,TRENTON MERCER CO AP,United States,TRUE
TUL,Tulsa International Airport,Tulsa,OK,USA,36.19837,-95.88824,USW00013968,0.148,0,0,0,0,0,36.1994,-95.8872,OK,TULSA INTL AP,United States,TRUE
TUS,Tucson International Airport,Tucson,AZ,USA,32.11608,-110.94103,USW00023160,2.172,0,0,0,0,0,32.1314,-110.9553,AZ,TUCSON INTL AP,United States,TRUE
TVC,Cherry Capital Airport,Traverse City,MI,USA,44.74144,-85.58224,USW00014850,0.074,0,0,0,364,364,44.7408,-85.5825,MI,TRAVERSE CITY CHERRY CPTL A,United States,FALSE
TWF,Magic Valley Regional Airport-á(Joslin Field),Twin Falls,ID,USA,42.4818,-114.48774,USW00094178,0.07,0,0,0,365,365,42.4819,-114.4869,ID,TWIN FALLS SUN VLY RGNL AP,United States,TRUE
TXK,Texarkana Regional Airport-á(Webb Field),Texarkana,AR,USA,33.45371,-93.99102,USW00013977,1.531,0,0,0,365,365,33.4536,-94.0075,AR,TEXARKANA WEBB FLD,United States,FALSE
TYR,Tyler Pounds Regional Airport,Tyler,TX,USA,32.35414,-95.40239,USW00013972,0.012,0,0,0,365,365,32.3542,-95.4025,TX,TYLER POUNDS FLD,United States,FALSE
TYS,McGhee Tyson Airport,Knoxville,TN,USA,35.81249,-83.99286,USW00013891,0.892,0,0,0,0,0,35.8181,-83.9858,TN,KNOXVILLE MCGHEE TYSON AP,United States,TRUE
VEL,Valdez Airport,Vernal,UT,USA,40.4409,-109.50992,USW00094030,0.406,0,0,0,365,365,40.4422,-109.5144,UT,VERNAL MUNICIPAL AP,United States,TRUE
VLD,Valdosta Regional Airport,Valdosta,GA,USA,30.7825,-83.27672,USW00093845,0.002,0,0,1,7,8,30.7825,-83.2767,GA,VALDOSTA RGNL AP,United States,TRUE
VPS,Destin-Fort Walton Beach Airport/Eglin AFB,Valparaiso,FL,USA,30.48325,-86.5254,US1FLOK0002,5.568,361,361,0,139,861,30.5244,-86.4924,FL,EGLIN AFB 5.6 NE,United States,FALSE
WRG,Wrangell Airport,Wrangell,AK,USA,56.48433,-132.36982,USR0000AZAR,35.935,0,0,252,252,504,56.3,-132.8486,AK,ZAREMBO ALASKA,United States,FALSE
WYS,Westerly State Airport,West Yellowstone,MT,USA,44.6884,-111.11764,USR0000MHEB,2.66,0,0,365,365,730,44.6678,-111.1006,MT,HEBGEN LAKE MONTANA,United States,FALSE
XNA,Northwest Arkansas Regional Airport,Fayetteville/Springdale/Rogers,AR,USA,36.28187,-94.30681,USW00053922,0.631,5,5,0,80,90,36.2833,-94.3,AR,FAYETTEVILLE NW AR AP,United States,TRUE
YAK,Yakutat Airport,Yakutat,AK,USA,59.50336,-139.66023,USW00025339,1.132,0,0,0,0,0,59.5119,-139.6711,AK,YAKUTAT STATE AP,United States,TRUE
YUM,Yuma International Airport,Yuma,AZ,USA,32.65658,-114.60597,USW00003145,1.244,12,12,1,4,29,32.65,-114.6167,AZ,YUMA MCAS,United States,FALSE
